{
  "project_info": {
    "project_number": "429549626319",
    "project_id": "fir-loginyt-44427",
    "storage_bucket": "fir-loginyt-44427.firebasestorage.app"
  },
  "client": [
    {
      "client_info": {
        "mobilesdk_app_id": "1:429549626319:android:c7126443c7a094a88428ba",
        "android_client_info": {
          "package_name": "com.example.loginfirebaseyt"
        }
      },
      "oauth_client": [],
      "api_key": [
        {
          "current_key": "AIzaSyBsrrDEZhrNGyWD8-sg8HBYu3_g44hqGaw"
        }
      ],
      "services": {
        "appinvite_service": {
          "other_platform_oauth_client": []
        }
      }
    }
  ],
  "configuration_version": "1"
}